actor_id,name
1,Jessica King
2,Brandon Diaz
3,Michael Allen Jr.
4,Jessica Fuentes
5,Todd Norris
6,Taylor Poole
7,Tina Davis
8,Thomas Payne
9,Joel Ruiz
10,Tom Duncan
11,Melissa Dominguez
12,Kelly Calhoun
13,Kimberly Chavez
14,David Campbell
15,Cindy Massey
16,Sarah Tran
17,Bill Nelson
18,Jonathan Adams
19,Nicole Greer
20,Kayla Sparks
21,Ruth Lee
22,Jessica Schultz
23,Sheila Morgan
24,Craig Ruiz
25,Margaret Meyer
26,Cynthia Harvey
27,Dominic Green
28,Katherine Walls
29,Nicole Valentine
30,Martin Valdez
31,Sarah Sanders
32,Robert Schultz
33,Christopher Lewis
34,Zachary Price MD
35,Kenneth Lewis
36,John Ramos
37,Kimberly Miller
38,Heather Smith
39,Jon Lloyd
40,David Barnes
41,Tammie Hall
42,Mary Brooks
43,Melissa Burgess
44,Chris Hernandez
45,Calvin Vargas
46,Christopher Morris
47,Christian Flores
48,William Christensen
49,Debra Pittman
50,Heather Ingram
51,Sarah Cummings
52,Tonya Mitchell
53,Christopher Hansen
54,Sarah Schneider
55,Debra Turner
56,Jeremy Lopez
57,John Johnson
58,Raymond Allen
59,Jason Brooks
60,Cassidy Brown
61,Omar Keller
62,Austin Frazier
63,Patricia Pitts
64,Nancy Mercado
65,Ryan Manning
66,Gina Cabrera
67,Robert Harris
68,Tiffany Ortiz
69,Emily Horn PhD
70,Brian Duncan
71,Daniel Benson
72,Mark Gonzales
73,Barbara Taylor
74,Kimberly Davies
75,Jeffrey Crane
76,Tina Kramer
77,Mary Rodriguez
78,Randy Jensen
79,Jeffery Robertson
80,Isaiah Carlson
81,Miguel Price
82,Roger Graves
83,William Robinson
84,Tammy Hudson
85,Eric Griffin
86,Courtney Cortez
87,Amy Taylor
88,Jonathan Case
89,Cathy Anthony
90,Joshua Brown
91,Philip Adkins
92,Gary Joseph
93,Grant Banks
94,Benjamin Strickland
95,Jenna Finley
96,Keith Bauer
97,Angela Stephenson
98,Jose Matthews
99,Anita Davis
100,Brenda Harper
101,Raymond Tran
102,Mr. Jonathan Lawson
103,Richard Ortiz
104,Kathryn Morris
105,Christina Becker
106,Victoria Anderson
107,Cody Clark
108,Amy Mccoy
109,Richard Juarez
110,Nicole Moore
111,Catherine Marquez
112,Lisa Baker
113,Drew Mccormick
114,Matthew Ross
115,Brian Orr
116,Emily Weaver
117,Mr. Juan Adams MD
118,Karen Rodriguez
119,Christopher Miller
120,Vanessa Rodriguez
121,Kristine Lozano
122,Alexander Sanchez Jr.
123,Alexandra Rogers
124,Eric Martinez
125,Derek Hall
126,William Elliott
127,Steven Ayala
128,Anthony Harrison
129,Peggy Lang
130,Earl Proctor Jr.
131,Kristen King
132,Joanne Beck
133,Rebecca Martin
134,Amy Wood DVM
135,Ryan Robertson
136,Melanie Livingston
137,Danielle Sanchez
138,Desiree Jordan
139,Angela Wilson
140,Donna Ho
141,Steven Sanders PhD
142,Katie Chang
143,Randy Mcdonald
144,Richard Contreras
145,Michael Higgins
146,Samantha Gonzalez
147,Justin Ryan
148,David Green
149,Randall Poole
150,Anthony Mason
151,Sarah Todd
152,Laura Vaughn
153,Caroline Miranda
154,Oscar Lee
155,Ashley Salinas
156,Guy Todd
157,Benjamin Collins
158,Amber Garcia
159,Phyllis Wilson
160,Thomas Martinez
161,Jennifer Jacobson
162,John Pace
163,Timothy Hudson
164,Robert Tate
165,Jean Chapman
166,Angela Thomas
167,Heidi Hayes
168,Ms. Beverly Trevino
169,Kristina Mcintosh
170,Cassandra Shaffer
171,Linda Short
172,Melanie Padilla
173,Monica Reynolds
174,Chad Silva
175,Andrea Gonzalez
176,Jeffrey Dyer
177,Jessica Tyler
178,Anthony Reed
179,Lori Hill
180,Amy Duran
181,Kylie Clark
182,Julia Jackson
183,John Smith
184,Elizabeth Wagner
185,Megan Hardy
186,Kyle Graham
187,Zachary Mcbride
188,Mr. Mark Harrell
189,Jessica Robinson
190,Jonathan Peterson
191,Gregory Anderson
192,Meredith Farrell
193,Amber Frey
194,Zachary Reid
195,Mindy Hernandez
196,Terry Ochoa
197,Jennifer Mills
198,Michele Graham
199,Anthony Franklin
200,Joshua Brown
