director_id,name
1,Ms. Candace Evans
2,Stephanie Brown
3,Rebecca Velez
4,Carrie Mann
5,Wesley Oconnell
6,Michael Williams
7,Micheal Rogers
8,Mary Long
9,Jack Stanley
10,Deanna Stein
11,Sarah Stuart
12,Susan Morris
13,Terri Hawkins
14,Diana Shields
15,Katherine Harrison
16,Makayla Smith
17,Jose Bowen
18,Jeremy Estrada
19,Mr. Jose Choi Jr.
20,Amber Williams
21,Jacqueline Smith
22,Sherry Holland
23,Daniel Fields
24,Timothy Andrews
25,James Jenkins
26,Alyssa Patrick
27,William Davis
28,Diana Gonzales
29,Christine Davis
30,Nathan Gibson
31,Helen Smith
32,Kelly Johnson
33,Jason Rowe
34,Jessica Anderson
35,Joseph Todd
36,David Vazquez
37,Anthony White
38,Kristen Tucker
39,Richard Leon
40,Caroline Walter
41,Juan Singleton
42,William Johnson
43,Joshua Brewer
44,Jason Hughes
45,Dominic Alvarez
46,Eric Moore
47,Christopher White
48,Sue Stark
49,Kent Browning
50,Ryan Hendrix
51,Brian Mckee
52,John Cox
53,Peter Reed
54,Martin Moody
55,Kimberly Delgado
56,Ashley Sanchez
57,Jose Anderson
58,Jeff Moore
59,Mary Morales
60,Christopher Schmidt
61,Diana Lewis
62,Mark Rodriguez
63,Troy Hansen
64,Richard King
65,Jennifer Nelson
66,Michael Mccall
67,Jay Taylor
68,Christopher Alexander
69,Sara Moore
70,Jennifer Shelton
71,Erika Coleman
72,Colleen Scott
73,Kyle Riley
74,Judy Randolph
75,Barbara Branch
76,Kimberly Molina
77,Lori Yang
78,Crystal Harris
79,Betty Taylor
80,Thomas Munoz
81,Beth Hess
82,Lisa Daniels
83,Joe Nelson
84,Preston Johnson
85,Sean Edwards
86,Brenda Gill
87,Daniel Rosario
88,Robin Huff
89,Tracey Huerta
90,Kari Morrison
91,Molly Newman
92,Tammy Wu
93,Maxwell Ramirez
94,Brandon Barrera
95,Mr. Thomas Pruitt
96,Dr. Katherine Moran MD
97,Hunter Hernandez
98,Kevin Hernandez
99,Michelle Martin
100,Jennifer Andersen
